Workbook

Sheet Overall
A1: Cases | B1: No. of submissions | C1: AI correctly identified | D1: AI better than Human | E1: Comment 1 | F1: Comment 2 | G1: Comment 3 | H1: Accuracy-agent | I1: Accuracy-human | J1: Relevance-agent | K1: Relevance-human | L1: Specificity-agent | M1: Specificity-human | N1: Completeness-agent | O1: Completeness-human | P1: Clarity-agent | Q1: Clarity-human
A2: Built Environment | B2: 3 | C2: 3 | D2: 3 | E2: V1: Answers fine for someone who knows what they are doing, perhaps less helpful for someone who wants to carry out the simulations who is probably just wanting data and simple but reasonable solutions. V2: Many answers were basic or wrong, some are probably more usable. Comparison: Answers v1 seem more complete, but probably of less use. | F2: V1: None V2: None Comparison: V1 was more detailed, often as accurate as V2. However, V2 often provided limited to no explanation. | G2: V1: This version of answers is very comprehensive, and outlines many information and resources which can be useful for the case. V2: This version of answers is very short, sometimes inaccurate. Comparison: v1 is much more comprehensive and useful than v2. It outlines available solutions for human users to select. | H2: ='Built Environment'!B19 -> 4.1333333 | I2: ='Built Environment'!B40 -> 2.7777778 | J2: ='Built Environment'!C19 -> 4.1777778 | K2: ='Built Environment'!C40 -> 3.3555556 | L2: ='Built Environment'!D19 -> 4.0888889 | M2: ='Built Environment'!D40 -> 3.0888889 | N2: ='Built Environment'!E19 -> 3.9777778 | O2: ='Built Environment'!E40 -> 2.1555556 | P2: ='Built Environment'!F19 -> 4.0444444 | Q2: ='Built Environment'!F40 -> 2.4444444
A3: Energy | B3: 3 | C3: 2 | D3: 3 | E3: V1: This is a good, detailed assessment. My only concern is the spatial aggregation too early and the exposure weighting complicating the results. I like the idea of using EURO-CORDEX to represent more climate model uncertainty, and the use of sensitivity analysis. The time period and RCPs are a bit confused in this one too. V2: This basically follows the process used for the local authority climate service, which is reasonable but could be elaborated on using more data and more varied results. Comparison: I think version 1 (which I think is the AI one) provided more detailed and broad answers giving more context to the answers. It was however in some places a bit confusing by suggesting too many different suggestions particularly on warming levels and time periods. | F3: V1: very clear and comprehensive response. V2: a bit more general response, and sometimes do not provide useful information. Comparison: one version is clearly has more specific information, and the one is too general sometimes | G3: V1: Nice methodology that i'd be very happy if someone asked me to use. V2: A bit of a chaotic recipe where many of the decisions were not fully justified, and the instructions were often overly brief. Comparison: v1 was very well written and clear, v2 was harder to follow. Honestly either could have been AI for me (v2 because it doubles down on particular methods, v1 because it's much more eloquent than I am). However, Someone working in the climate services field could definitely write v1 and would be happy with it. I imagine a human could write version 2 in a hurry if they were just describing a past task rather than considering best practise! | H3: 4.469697 | I3: 3.030303 | J3: 4.6363636 | K3: 3.8484848 | L3: 4.8030303 | M3: 3.1515152 | N3: 4.4545455 | O3: 2.6363636 | P3: 4.6060606 | Q3: 2.8636364
A4: Transport | B4: 3 | C4: 1 | D4: 3 | E4: V1: This recipe gives confidence that the sources have been appropriately used and their limitations understood. It offers guidance but not instructions. It reads as being more academically critical but does sometimes lack specificity. V2: The methods in this version should be reconsidered, a lot of them does not make much sense for now, e.g. aggregate the data to the whole london can't really reveal the spatial pattern of risks or impacts. Comparison: The version 1 contains more comprehensive dataset, pre-process of the dataset, and uncertainty assessment. However, for the specific number or time duration mentioned in the V1 answer should be double checked. The V2 shows their expertise in some questions, but for most questions, there is a lack of accuracy and completeness. | F4: V1: This version shows a clear understanding of climate data and its application. V2: This recipe reads as prescriptive and uncritical, without explanation of recommendations. The answers are often brief and lacking in justification and reflection on limitations. Specificity is, however, often high. Comparison: Please see my previous points, which drew out these distinctions. | G4: V1: Overall recipe is thorough but some parts are complex, with multiple approaches suggested, but no guidance on how to bring all the results together. V2: Recipe is often too simple, neglects consideration of some of the variables needed to fully answer the original question. Comparison: The first answer (v1) is usually more comprehensive, contains a larger number of ideas and suggestions and properly considered bias correction and uncertainty. The second (v2) is often too brief and in some instances only partially answers the question. | H4: 4.254902 | I4: 3.0784314 | J4: 4.5882353 | K4: 3.5098039 | L4: 4.2745098 | M4: 2.9803922 | N4: 4.2352941 | O4: 2.4313725 | P4: 4.2156863 | Q4: 3.2745098
A5: Sea Level | B5: 3 | C5: 2 | D5: 1 | E5: V1: The text offered was mostly plausible. It seemed to struggle most with the later questions, which are more sophisticated than "data input"-style questions. I noticed several errors throughout which would undermine or mislead the reader. v1 did a much better job than v2. V2: The text generated was too simplistic, lacked detail and referenced out-of-date sea-level projections (I suspect heavily predicated on the UKCP18 work). It seemed to struggle most with the later questions, which are more sophisticated than "data input"-style questions. Overall, I would say that most output would be strongly misleading to the reader due to inaccuracies, incomplete grasp of the problem space and ambiguity/vagueness. Comparison: v1 had more detail, which made it more useable. It seemed to be more up-to-date in terms of datasets/scenarios and gave better "reasoning" and more comprehensive treatment of the overall problem space. v2 lacked detail, seemed out-of-date and could be widly misleading as a source of research design. | F5: V1: Although this recipe at first appeared useful, particularly in its ability to suggest a wide variety of datasets, overall it seems muddled and does not appear to be based on knowledge of how sea level projections are produced. V2: This recipe appears to be a sensible approach that would provide useful information for the customer. It would benefit from more detail in places. Comparison: V1 appears to have scanned a large amount of information and selected a wide variety of ideas to present in a climate recipe. It has some useful ideas, but a lot of unnecessary information and some contradictions. It would be hard to know what to do with the information. V2 appears to have been written by someone who has knowledge of how sea level projections are produced and experience in providing information to customers. It could benefit from more detail in places. | G5: V1: Concepts and methods were noted in more detail in the answers, however in some ways this was more convoluted and think that it would be more beneficial for the answers to be better structured and more concise so they are easier to interpret. V2: Some of the answers missed more in depth analysis and methodology that could be more beneficial to an adaptation study such as addressing case studies for specific assets. But the answers given were clear and concise. Comparison: V2 was definitely clearer to interpret but potential vital information on analysing specific asset case studies. V1 however had so much information that it was hard to try and pick out the relevance and I think for clarity therefore V2 was better to avoid confusion. This really depends on the extent of the analysis required however. So although I have picked v2 below for better overall, it is only by a small margin. | H5: 3.6923077 | I5: 3.4358974 | J5: 3.7435897 | K5: 3.7435897 | L5: 3.6923077 | M5: 2.8461538 | N5: 3.5897436 | O5: 2.4358974 | P5: 3.5128205 | Q5: 3.6153846
A6: Agriculture | B6: 3 | C6: 2 | D6: 3 | E6: V1: As I already said, this recipe assumes unlimited resources to complete the project. Also, american spellings appear occasionally. V2: Terminology was not always correctly defined, e.g. "average". Consideration of other climate datasets was not specified. Comparison: It was difficult to compare them really, because V1 assumed unlimited time and money to spend on doing the work. therefore, in the ideal world, V1 would be the optimal project, but practically, V2 probably better. | F6: V1: The recipe largely made sense and had enough detail/explanation to be followed; however, it was inconsistent in parts, and others required further clarification. V2: The recipe was quite incomplete and inconsistent, which would make it hard to follow, and may not give results that could be confidently used to inform decisions. Comparison: Recipe v1 was generally much clear and more complete. By no means did I agree with everything in it, but it would enable someone who was less familiar to make a good start. Recipe v2 was much briefer, with less detail and explanation. It often only focused on one variable (e.g. temperature or rainfall) rather than giving a more complete picture for all variables and how information could be extracted from them. Overall, I agreed with it less than v1. | G6: V1: This version provides a highly comprehensive, well-structured, and decision-oriented climate service recipe. It consistently identifies relevant datasets, appropriate climate indices, preprocessing workflows, uncertainty treatment, and practical output formats. The responses are strongly grounded in the UK agricultural context and often include useful operational detail. In many cases, it demonstrates expert-level understanding and offers actionable recommendations. Some answers are relatively long and could occasionally be more concise, but overall this version is robust, credible, and highly useful. V2: This version is generally clear, concise, and technically sound in several areas. It often provides straightforward recommendations that are easy to understand and may be useful for rapid initial scoping. However, many responses are narrower in scope, less comprehensive, and sometimes insufficiently detailed compared with the alternative version. In several cases, important considerations such as uncertainty, multiple data sources, preprocessing steps, or decision context were only partially addressed. Overall, this version is useful as a simplified starting point but would benefit from greater depth and completeness. Comparison: Overall, Recipe-v1 would be more suitable for professional project delivery, while Recipe-v2 would benefit from greater depth, consistency, and completeness. | H6: 4.4 | I6: 3.4833333 | J6: 4.3833333 | K6: 3.4833333 | L6: 4.3333333 | M6: 3.15 | N6: 4.25 | O6: 2.5333333 | P6: 4.1666667 | Q6: 3.5833333
F47: Please see my previous points, which drew out these distinctions.

Sheet Built Environment
A1: AI | B1: Expert 1 | H1: Expert 2 | N1: Expert 3
B2: Accuracy | C2: Relevance | D2: Specificity | E2: Completeness | F2: Clarity | H2: Accuracy | I2: Relevance | J2: Specificity | K2: Completeness | L2: Clarity | N2: Accuracy | O2: Relevance | P2: Specificity | Q2: Completeness | R2: Clarity
A3: Q1 | B3: 4 | C3: 3 | D3: 3 | E3: 3 | F3: 4 | H3: 5 | I3: 5 | J3: 4 | K3: 4 | L3: 4 | N3: 5 | O3: 5 | P3: 5 | Q3: 5 | R3: 5
A4: Q2 | B4: 5 | C4: 5 | D4: 4 | E4: 4 | F4: 5 | H4: 4 | I4: 4 | J4: 4 | K4: 4 | L4: 3 | N4: 4 | O4: 5 | P4: 5 | Q4: 4 | R4: 4
A5: Q3 | B5: 4 | C5: 4 | D5: 4 | E5: 4 | F5: 5 | H5: 4 | I5: 4 | J5: 4 | K5: 4 | L5: 4 | N5: 5 | O5: 5 | P5: 5 | Q5: 5 | R5: 5
A6: Q4 | B6: 5 | C6: 5 | D6: 5 | E6: 4 | F6: 5 | H6: 3 | I6: 3 | J6: 3 | K6: 3 | L6: 3 | N6: 5 | O6: 5 | P6: 5 | Q6: 5 | R6: 5
A7: Q5 | B7: 4 | C7: 4 | D7: 4 | E7: 4 | F7: 4 | H7: 4 | I7: 4 | J7: 3 | K7: 1 | L7: 1 | N7: 5 | O7: 5 | P7: 5 | Q7: 5 | R7: 5
A8: Q6 | B8: 4 | C8: 3 | D8: 3 | E8: 3 | F8: 3 | H8: 3 | I8: 4 | J8: 4 | K8: 4 | L8: 4 | N8: 5 | O8: 5 | P8: 5 | Q8: 5 | R8: 4
A9: Q7 | B9: 4 | C9: 3 | D9: 4 | E9: 4 | F9: 4 | H9: 5 | I9: 5 | J9: 5 | K9: 5 | L9: 5 | N9: 5 | O9: 5 | P9: 5 | Q9: 5 | R9: 5
A10: Q8 | B10: 5 | C10: 5 | D10: 5 | E10: 5 | F10: 5 | H10: 5 | I10: 5 | J10: 5 | K10: 5 | L10: 5 | N10: 5 | O10: 5 | P10: 5 | Q10: 5 | R10: 5
A11: Q9 | B11: 4 | C11: 3 | D11: 4 | E11: 5 | F11: 4 | H11: 1 | I11: 2 | J11: 2 | K11: 3 | L11: 4 | N11: 4 | O11: 5 | P11: 4 | Q11: 5 | R11: 4
A12: Q10 | B12: 4 | C12: 4 | D12: 5 | E12: 4 | F12: 3 | H12: 5 | I12: 5 | J12: 4 | K12: 4 | L12: 4 | N12: 5 | O12: 5 | P12: 5 | Q12: 5 | R12: 5
A13: Q11 | B13: 3 | C13: 4 | D13: 4 | E13: 4 | F13: 4 | H13: 3 | I13: 3 | J13: 2 | K13: 2 | L13: 2 | N13: 5 | O13: 5 | P13: 5 | Q13: 5 | R13: 5
A14: Q12 | B14: 4 | C14: 3 | D14: 4 | E14: 3 | F14: 4 | H14: 4 | I14: 4 | J14: 4 | K14: 4 | L14: 4 | N14: 4 | O14: 5 | P14: 5 | Q14: 5 | R14: 5
... A17: Q15 | B17: 3 | C17: 3 | D17: 3 | E17: 3 | F17: 3 | H17: 3 | I17: 3 | J17: 3 | K17: 3 | L17: 3 | N17: 4 | O17: 5 | P17: 4 | Q17: 3 | R17: 4
A18: Average | B18: =SUM(B3:B17)/15 -> 3.9333333 | C18: =SUM(C3:C17)/15 -> 3.6 | D18: =SUM(D3:D17)/15 -> 3.8 | E18: =SUM(E3:E17)/15 -> 3.6666667 | F18: =SUM(F3:F17)/15 -> 3.8666667 | H18: =SUM(H3:H17)/15 -> 3.8 | I18: =SUM(I3:I17)/15 -> 3.9333333 | J18: =SUM(J3:J17)/15 -> 3.6666667 | K18: =SUM(K3:K17)/15 -> 3.6 | L18: =SUM(L3:L17)/15 -> 3.6 | N18: =SUM(N3:N17)/15 -> 4.6666667 | O18: =SUM(O3:O17)/15 -> 5 | P18: =SUM(P3:P17)/15 -> 4.8 | Q18: =SUM(Q3:Q17)/15 -> 4.6666667 | R18: =SUM(R3:R17)/15 -> 4.6666667
A19: All_Average | B19: =(B18+H18+N18)/3 -> 4.1333333 | C19: =(C18+I18+O18)/3 -> 4.1777778 | D19: =(D18+J18+P18)/3 -> 4.0888889 | E19: =(E18+K18+Q18)/3 -> 3.9777778 | F19: =(F18+L18+R18)/3 -> 4.0444444
A22: Human | B22: Expert 1 | H22: Expert 2 | N22: Expert 3
B23: Accuracy | C23: Relevance | D23: Specificity | E23: Completeness | F23: Clarity | H23: Accuracy | I23: Relevance | J23: Specificity | K23: Completeness | L23: Clarity | N23: Accuracy | O23: Relevance | P23: Specificity | Q23: Completeness | R23: Clarity
A24: Q1 | B24: 1 | C24: 1 | D24: 1 | E24: 1 | F24: 1 | H24: 2 | I24: 2 | J24: 1 | K24: 1 | L24: 1 | N24: 2 | O24: 5 | P24: 5 | Q24: 1 | R24: 2
A25: Q2 | B25: 2 | C25: 2 | D25: 2 | E25: 1 | F25: 2 | H25: 1 | I25: 1 | J25: 1 | K25: 1 | L25: 1 | N25: 4 | O25: 5 | P25: 4 | Q25: 3 | R25: 5
A26: Q3 | B26: 1 | C26: 3 | D26: 2 | E26: 1 | F26: 2 | H26: 1 | I26: 1 | J26: 1 | K26: 1 | L26: 1 | N26: 3 | O26: 5 | P26: 5 | Q26: 3 | R26: 5
A27: Q4 | B27: 1 | C27: 2 | D27: 2 | E27: 1 | F27: 1 | H27: 1 | I27: 1 | J27: 1 | K27: 1 | L27: 1 | N27: 3 | O27: 5 | P27: 3 | Q27: 3 | R27: 3
A28: Q5 | B28: 2 | C28: 3 | D28: 3 | E28: 3 | F28: 2 | H28: 4 | I28: 4 | J28: 3 | K28: 1 | L28: 1 | N28: 4 | O28: 5 | P28: 5 | Q28: 4 | R28: 3
A29: Q6 | B29: 1 | C29: 1 | D29: 1 | E29: 1 | F29: 1 | H29: 2 | I29: 5 | J29: 5 | K29: 1 | L29: 1 | N29: 4 | O29: 5 | P29: 4 | Q29: 2 | R29: 2
A30: Q7 | B30: 4 | C30: 4 | D30: 4 | E30: 4 | F30: 4 | H30: 5 | I30: 5 | J30: 5 | K30: 1 | L30: 1 | N30: 5 | O30: 5 | P30: 5 | Q30: 4 | R30: 5
A31: Q8 | B31: 4 | C31: 4 | D31: 4 | E31: 4 | F31: 4 | H31: 4 | I31: 5 | J31: 5 | K31: 1 | L31: 1 | N31: 4 | O31: 5 | P31: 3 | Q31: 3 | R31: 3
A32: Q9 | B32: 4 | C32: 4 | D32: 4 | E32: 4 | F32: 4 | H32: 5 | I32: 5 | J32: 5 | K32: 3 | L32: 3 | N32: 5 | O32: 5 | P32: 5 | Q32: 4 | R32: 4
A33: Q10 | B33: 3 | C33: 4 | D33: 4 | E33: 3 | F33: 4 | H33: 4 | I33: 4 | J33: 4 | K33: 2 | L33: 2 | N33: 5 | O33: 5 | P33: 5 | Q33: 4 | R33: 4
A34: Q11 | B34: 1 | C34: 1 | D34: 1 | E34: 1 | F34: 3 | H34: 3 | I34: 3 | J34: 3 | K34: 1 | L34: 1 | N34: 3 | O34: 5 | P34: 4 | Q34: 3 | R34: 3
A35: Q12 | B35: 3 | C35: 4 | D35: 3 | E35: 3 | F35: 4 | H35: 2 | I35: 4 | J35: 4 | K35: 2 | L35: 2 | N35: 4 | O35: 5 | P35: 4 | Q35: 3 | R35: 4
... A38: Q15 | B38: 1 | C38: 1 | D38: 1 | E38: 1 | F38: 2 | H38: 4 | I38: 4 | J38: 4 | K38: 4 | L38: 4 | N38: 1 | O38: 1 | P38: 1 | Q38: 1 | R38: 1
A39: Average | B39: =SUM(B24:B38)/15 -> 2 | C39: =SUM(C24:C38)/15 -> 2.4 | D39: =SUM(D24:D38)/15 -> 2.2666667 | E39: =SUM(E24:E38)/15 -> 2 | F39: =SUM(F24:F38)/15 -> 2.4666667 | H39: =SUM(H24:H38)/15 -> 3.0666667 | I39: =SUM(I24:I38)/15 -> 3.4666667 | J39: =SUM(J24:J38)/15 -> 3.3333333 | K39: =SUM(K24:K38)/15 -> 1.8 | L39: =SUM(L24:L38)/15 -> 1.8 | N39: =SUM(N24:N38)/15 -> 3.2666667 | O39: =SUM(O24:O38)/15 -> 4.2 | P39: =SUM(P24:P38)/15 -> 3.6666667 | Q39: =SUM(Q24:Q38)/15 -> 2.6666667 | R39: =SUM(R24:R38)/15 -> 3.0666667
A40: All_Average | B40: =(B39+H39+N39)/3 -> 2.7777778 | C40: =(C39+I39+O39)/3 -> 3.3555556 | D40: =(D39+J39+P39)/3 -> 3.0888889 | E40: =(E39+K39+Q39)/3 -> 2.1555556 | F40: =(F39+L39+R39)/3 -> 2.4444444

Sheet Energy
A1: AI | B1: Expert 1 | H1: Expert 2 | N1: Expert 3
B2: Accuracy | C2: Relevance | D2: Specificity | E2: Completeness | F2: Clarity | H2: Accuracy | I2: Relevance | J2: Specificity | K2: Completeness | L2: Clarity | N2: Accuracy | O2: Relevance | P2: Specificity | Q2: Completeness | R2: Clarity
A3: Q1 | B3: 4 | C3: 4 | D3: 4 | E3: 4 | F3: 5 | H3: 4 | I3: 4 | J3: 5 | K3: 5 | L3: 5 | N3: 5 | O3: 5 | P3: 5 | Q3: 5 | R3: 3
A4: Q2 | B4: 5 | C4: 5 | D4: 5 | E4: 5 | F4: 5 | H4: 5 | I4: 4 | J4: 5 | K4: 4 | L4: 5 | N4: 5 | O4: 5 | P4: 5 | Q4: 4 | R4: 5
A5: Q3 | B5: 5 | C5: 5 | D5: 5 | E5: 5 | F5: 5 | H5: 5 | I5: 5 | J5: 5 | K5: 5 | L5: 5 | N5: 5 | O5: 5 | P5: 5 | Q5: 5 | R5: 5
A6: Q4 | B6: 5 | C6: 5 | D6: 5 | E6: 5 | F6: 5 | H6: 4 | I6: 4 | J6: 5 | K6: 5 | L6: 5 | N6: 5 | O6: 5 | P6: 5 | Q6: 5 | R6: 5
A7: Q5 | B7: 3 | C7: 5 | D7: 4 | E7: 3 | F7: 1 | H7: 4 | I7: 4 | J7: 5 | K7: 4 | L7: 4 | N7: 5 | O7: 5 | P7: 5 | Q7: 4 | R7: 4
A8: Q6 | B8: 4 | C8: 5 | D8: 4 | E8: 3 | F8: 3 | H8: 4 | I8: 4 | J8: 5 | K8: 4 | L8: 5 | N8: 4 | O8: 5 | P8: 5 | Q8: 4 | R8: 5
A9: Q7 | B9: 4 | C9: 4 | D9: 4 | E9: 3 | F9: 3 | H9: 4 | I9: 4 | J9: 5 | K9: 4 | L9: 5 | N9: 5 | O9: 5 | P9: 5 | Q9: 5 | R9: 5
A10: Q8 | B10: 5 | C10: 5 | D10: 5 | E10: 5 | F10: 5 | H10: 4 | I10: 4 | J10: 5 | K10: 4 | L10: 5 | N10: 5 | O10: 5 | P10: 5 | Q10: 5 | R10: 5
A11: Q9 | B11: 5 | C11: 5 | D11: 5 | E11: 5 | F11: 5 | H11: 4 | I11: 4 | J11: 5 | K11: 4 | L11: 5 | N11: 5 | O11: 5 | P11: 4 | Q11: 5 | R11: 4
A12: Q10 | B12: 5 | C12: 5 | D12: 5 | E12: 5 | F12: 5 | H12: 4 | I12: 4 | J12: 5 | K12: 4 | L12: 5 | N12: 5 | O12: 5 | P12: 5 | Q12: 5 | R12: 5
A13: Q11 | B13: 5 | C13: 5 | D13: 5 | E13: 5 | F13: 5 | H13: 4 | I13: 4 | J13: 5 | K13: 5 | L13: 5 | N13: 5 | O13: 5 | P13: 5 | Q13: 5 | R13: 5
A14: Q12 | B14: 4 | C14: 5 | D14: 5 | E14: 4 | F14: 4 | H14: 4 | I14: 4 | J14: 5 | K14: 5 | L14: 5 | N14: 5 | O14: 5 | P14: 5 | Q14: 5 | R14: 5
... A24: Q22 | B24: 5 | C24: 5 | D24: 5 | E24: 5 | F24: 5 | H24: 4 | I24: 4 | J24: 5 | K24: 5 | L24: 4 | N24: 5 | O24: 5 | P24: 5 | Q24: 5 | R24: 5
A25: Average | B25: =SUM(B3:B24)/22 -> 4.4545455 | C25: =SUM(C3:C24)/22 -> 4.7727273 | D25: =SUM(D3:D24)/22 -> 4.6363636 | E25: =SUM(E3:E24)/22 -> 4.2727273 | F25: =SUM(F3:F24)/22 -> 4.1363636 | H25: =SUM(H3:H24)/22 -> 4.1363636 | I25: =SUM(I3:I24)/22 -> 4.1363636 | J25: =SUM(J3:J24)/22 -> 4.8181818 | K25: =SUM(K3:K24)/22 -> 4.4090909 | L25: =SUM(L3:L24)/22 -> 4.8636364 | N25: =SUM(N3:N24)/22 -> 4.8181818 | O25: =SUM(O3:O24)/22 -> 5 | P25: =SUM(P3:P24)/22 -> 4.9545455 | Q25: =SUM(Q3:Q24)/22 -> 4.6818182 | R25: =SUM(R3:R24)/22 -> 4.8181818
A26: All_Average | B26: =(B25+H25+N25)/3 -> 4.469697 | C26: =(C25+I25+O25)/3 -> 4.6363636 | D26: =(D25+J25+P25)/3 -> 4.8030303 | E26: =(E25+K25+Q25)/3 -> 4.4545455 | F26: =(F25+L25+R25)/3 -> 4.6060606
A29: Human | B29: Expert 1 | H29: Expert 2 | N29: Expert 3
B30: Accuracy | C30: Relevance | D30: Specificity | E30: Completeness | F30: Clarity | H30: Accuracy | I30: Relevance | J30: Specificity | K30: Completeness | L30: Clarity | N30: Accuracy | O30: Relevance | P30: Specificity | Q30: Completeness | R30: Clarity
A31: Q1 | B31: 2 | C31: 3 | D31: 1 | E31: 1 | F31: 3 | H31: 2 | I31: 3 | J31: 2 | K31: 2 | L31: 2 | N31: 5 | O31: 4 | P31: 2 | Q31: 1 | R31: 4
A32: Q2 | B32: 4 | C32: 5 | D32: 4 | E32: 4 | F32: 3 | H32: 3 | I32: 4 | J32: 3 | K32: 4 | L32: 3 | N32: 2 | O32: 3 | P32: 2 | Q32: 1 | R32: 3
A33: Q3 | B33: 3 | C33: 5 | D33: 4 | E33: 4 | F33: 3 | H33: 3 | I33: 4 | J33: 3 | K33: 4 | L33: 2 | N33: 3 | O33: 4 | P33: 3 | Q33: 2 | R33: 4
A34: Q4 | B34: 3 | C34: 4 | D34: 2 | E34: 1 | F34: 1 | H34: 4 | I34: 4 | J34: 3 | K34: 4 | L34: 2 | N34: 5 | O34: 4 | P34: 3 | Q34: 2 | R34: 2
A35: Q5 | B35: 4 | C35: 5 | D35: 2 | E35: 2 | F35: 3 | H35: 2 | I35: 4 | J35: 2 | K35: 3 | L35: 2 | N35: 2 | O35: 3 | P35: 2 | Q35: 2 | R35: 2
A36: Q6 | B36: 5 | C36: 5 | D36: 5 | E36: 4 | F36: 4 | H36: 2 | I36: 4 | J36: 2 | K36: 2 | L36: 3 | N36: 3 | O36: 4 | P36: 4 | Q36: 2 | R36: 4
A37: Q7 | B37: 4 | C37: 5 | D37: 3 | E37: 3 | F37: 3 | H37: 4 | I37: 4 | J37: 3 | K37: 3 | L37: 2 | N37: 3 | O37: 5 | P37: 4 | Q37: 3 | R37: 2
A38: Q8 | B38: 5 | C38: 5 | D38: 4 | E38: 4 | F38: 4 | H38: 4 | I38: 4 | J38: 2 | K38: 3 | L38: 2 | N38: 3 | O38: 4 | P38: 2 | Q38: 2 | R38: 3
A39: Q9 | B39: 2 | C39: 4 | D39: 3 | E39: 3 | F39: 3 | H39: 2 | I39: 4 | J39: 3 | K39: 3 | L39: 2 | N39: 2 | O39: 3 | P39: 2 | Q39: 1 | R39: 4
A40: Q10 | B40: 2 | C40: 2 | D40: 1 | E40: 1 | F40: 1 | H40: 3 | I40: 4 | J40: 2 | K40: 2 | L40: 2 | N40: 3 | O40: 2 | P40: 1 | Q40: 1 | R40: 1
A41: Q11 | B41: 4 | C41: 5 | D41: 3 | E41: 3 | F41: 4 | H41: 3 | I41: 4 | J41: 3 | K41: 3 | L41: 2 | N41: 2 | O41: 2 | P41: 4 | Q41: 2 | R41: 4
A42: Q12 | B42: 4 | C42: 4 | D42: 4 | E42: 2 | F42: 1 | H42: 4 | I42: 4 | J42: 2 | K42: 4 | L42: 3 | N42: 2 | O42: 2 | P42: 2 | Q42: 2 | R42: 1
... A52: Q22 | B52: 4 | C52: 5 | D52: 5 | E52: 4 | F52: 4 | H52: 2 | I52: 3 | J52: 4 | K52: 3 | L52: 3 | N52: 2 | O52: 4 | P52: 4 | Q52: 2 | R52: 4
A53: Average | B53: =SUM(B31:B52)/22 -> 3.6818182 | C53: =SUM(C31:C52)/22 -> 4.3181818 | D53: =SUM(D31:D52)/22 -> 3.4545455 | E53: =SUM(E31:E52)/22 -> 2.9545455 | F53: =SUM(F31:F52)/22 -> 3.0454545 | H53: =SUM(H31:H52)/22 -> 2.7272727 | I53: =SUM(I31:I52)/22 -> 3.5454545 | J53: =SUM(J31:J52)/22 -> 2.9545455 | K53: =SUM(K31:K52)/22 -> 2.9545455 | L53: =SUM(L31:L52)/22 -> 2.5454545 | N53: =SUM(N31:N52)/22 -> 2.6818182 | O53: =SUM(O31:O52)/22 -> 3.6818182 | P53: =SUM(P31:P52)/22 -> 3.0454545 | Q53: =SUM(Q31:Q52)/22 -> 2 | R53: =SUM(R31:R52)/22 -> 3
A54: All_Average | B54: =(B53+H53+N53)/3 -> 3.030303 | C54: =(C53+I53+O53)/3 -> 3.8484848 | D54: =(D53+J53+P53)/3 -> 3.1515152 | E54: =(E53+K53+Q53)/3 -> 2.6363636 | F54: =(F53+L53+R53)/3 -> 2.8636364

Sheet Transport
A1: AI | B1: Expert 1 | H1: Expert 2 | N1: Expert 3
B2: Accuracy | C2: Relevance | D2: Specificity | E2: Completeness | F2: Clarity | H2: Accuracy | I2: Relevance | J2: Specificity | K2: Completeness | L2: Clarity | N2: Accuracy | O2: Relevance | P2: Specificity | Q2: Completeness | R2: Clarity
A3: Q1 | B3: 5 | C3: 5 | D3: 5 | E3: 4 | F3: 4 | H3: 4 | I3: 4 | J3: 4 | K3: 4 | L3: 4 | N3: 5 | O3: 4 | P3: 5 | Q3: 5 | R3: 4
A4: Q2 | B4: 3 | C4: 4 | D4: 3 | E4: 4 | F4: 5 | H4: 4 | I4: 5 | J4: 5 | K4: 4 | L4: 4 | N4: 4 | O4: 5 | P4: 4 | Q4: 4 | R4: 4
A5: Q3 | B5: 4 | C5: 4 | D5: 4 | E5: 4 | F5: 4 | H5: 3 | I5: 5 | J5: 4 | K5: 4 | L5: 4 | N5: 3 | O5: 3 | P5: 4 | Q5: 3 | R5: 3
A6: Q4 | B6: 4 | C6: 4 | D6: 4 | E6: 4 | F6: 4 | H6: 3 | I6: 5 | J6: 4 | K6: 3 | L6: 5 | N6: 4 | O6: 5 | P6: 4 | Q6: 3 | R6: 5
A7: Q5 | B7: 5 | C7: 4 | D7: 4 | E7: 4 | F7: 4 | H7: 3 | I7: 5 | J7: 5 | K7: 4 | L7: 4 | N7: 5 | O7: 5 | P7: 5 | Q7: 4 | R7: 4
A8: Q6 | B8: 5 | C8: 5 | D8: 5 | E8: 5 | F8: 5 | H8: 3 | I8: 5 | J8: 4 | K8: 4 | L8: 5 | N8: 4 | O8: 4 | P8: 4 | Q8: 4 | R8: 4
A9: Q7 | B9: 4 | C9: 5 | D9: 3 | E9: 4 | F9: 3 | H9: 5 | I9: 5 | J9: 5 | K9: 4 | L9: 5 | N9: 4 | O9: 4 | P9: 4 | Q9: 4 | R9: 4
A10: Q8 | B10: 3 | C10: 4 | D10: 2 | E10: 3 | F10: 3 | H10: 5 | I10: 5 | J10: 5 | K10: 5 | L10: 5 | N10: 5 | O10: 5 | P10: 5 | Q10: 4 | R10: 4
A11: Q9 | B11: 5 | C11: 5 | D11: 5 | E11: 5 | F11: 5 | H11: 5 | I11: 5 | J11: 5 | K11: 5 | L11: 5 | N11: 4 | O11: 5 | P11: 5 | Q11: 4 | R11: 4
A12: Q10 | B12: 4 | C12: 4 | D12: 4 | E12: 4 | F12: 4 | H12: 4 | I12: 4 | J12: 4 | K12: 4 | L12: 4 | N12: 4 | O12: 5 | P12: 4 | Q12: 5 | R12: 4
A13: Q11 | B13: 5 | C13: 5 | D13: 5 | E13: 5 | F13: 5 | H13: 4 | I13: 5 | J13: 4 | K13: 5 | L13: 5 | N13: 5 | O13: 5 | P13: 5 | Q13: 5 | R13: 4
A14: Q12 | B14: 5 | C14: 5 | D14: 5 | E14: 5 | F14: 5 | H14: 4 | I14: 5 | J14: 5 | K14: 5 | L14: 5 | N14: 4 | O14: 4 | P14: 4 | Q14: 4 | R14: 4
... A19: Q17 | B19: 4 | C19: 4 | D19: 4 | E19: 4 | F19: 4 | H19: 5 | I19: 5 | J19: 5 | K19: 5 | L19: 5 | N19: 5 | O19: 4 | P19: 4 | Q19: 5 | R19: 3
A20: Average | B20: =SUM(B3:B19)/17 -> 4.3529412 | C20: =SUM(C3:C19)/17 -> 4.4705882 | D20: =SUM(D3:D19)/17 -> 4 | E20: =SUM(E3:E19)/17 -> 4.2352941 | F20: =SUM(F3:F19)/17 -> 4.1764706 | H20: =SUM(H3:H19)/17 -> 4.0588235 | I20: =SUM(I3:I19)/17 -> 4.8823529 | J20: =SUM(J3:J19)/17 -> 4.4705882 | K20: =SUM(K3:K19)/17 -> 4.2941176 | L20: =SUM(L3:L19)/17 -> 4.5882353 | N20: =SUM(N3:N19)/17 -> 4.3529412 | O20: =SUM(O3:O19)/17 -> 4.4117647 | P20: =SUM(P3:P19)/17 -> 4.3529412 | Q20: =SUM(Q3:Q19)/17 -> 4.1764706 | R20: =SUM(R3:R19)/17 -> 3.8823529
A21: All_Average | B21: =(B20+H20+N20)/3 -> 4.254902 | C21: =(C20+I20+O20)/3 -> 4.5882353 | D21: =(D20+J20+P20)/3 -> 4.2745098 | E21: =(E20+K20+Q20)/3 -> 4.2352941 | F21: =(F20+L20+R20)/3 -> 4.2156863
A24: Human | B24: Expert 1 | H24: Expert 2 | N24: Expert 3
B25: Accuracy | C25: Relevance | D25: Specificity | E25: Completeness | F25: Clarity | H25: Accuracy | I25: Relevance | J25: Specificity | K25: Completeness | L25: Clarity | N25: Accuracy | O25: Relevance | P25: Specificity | Q25: Completeness | R25: Clarity
A26: Q1 | B26: 3 | C26: 2 | D26: 1 | E26: 1 | F26: 2 | H26: 1 | I26: 1 | J26: 1 | K26: 1 | L26: 3 | N26: 2 | O26: 2 | P26: 1 | Q26: 1 | R26: 2
A27: Q2 | B27: 4 | C27: 4 | D27: 4 | E27: 2 | F27: 3 | H27: 5 | I27: 4 | J27: 4 | K27: 4 | L27: 4 | N27: 3 | O27: 4 | P27: 3 | Q27: 3 | R27: 3
A28: Q3 | B28: 3 | C28: 5 | D28: 3 | E28: 3 | F28: 4 | H28: 2 | I28: 3 | J28: 3 | K28: 1 | L28: 2 | N28: 4 | O28: 4 | P28: 4 | Q28: 4 | R28: 3
A29: Q4 | B29: 3 | C29: 5 | D29: 4 | E29: 4 | F29: 5 | H29: 1 | I29: 4 | J29: 4 | K29: 1 | L29: 4 | N29: 4 | O29: 4 | P29: 4 | Q29: 4 | R29: 5
A30: Q5 | B30: 4 | C30: 5 | D30: 4 | E30: 4 | F30: 4 | H30: 2 | I30: 4 | J30: 3 | K30: 1 | L30: 4 | N30: 5 | O30: 4 | P30: 4 | Q30: 3 | R30: 4
A31: Q6 | B31: 2 | C31: 4 | D31: 1 | E31: 3 | F31: 4 | H31: 2 | I31: 1 | J31: 2 | K31: 1 | L31: 1 | N31: 3 | O31: 4 | P31: 3 | Q31: 4 | R31: 2
A32: Q7 | B32: 1 | C32: 2 | D32: 1 | E32: 1 | F32: 3 | H32: 2 | I32: 3 | J32: 4 | K32: 1 | L32: 3 | N32: 4 | O32: 3 | P32: 2 | Q32: 2 | R32: 3
A33: Q8 | B33: 2 | C33: 3 | D33: 1 | E33: 1 | F33: 3 | H33: 3 | I33: 4 | J33: 2 | K33: 2 | L33: 2 | N33: 4 | O33: 5 | P33: 3 | Q33: 3 | R33: 5
A34: Q9 | B34: 2 | C34: 2 | D34: 1 | E34: 1 | F34: 1 | H34: 1 | I34: 1 | J34: 1 | K34: 1 | L34: 1 | N34: 3 | O34: 3 | P34: 2 | Q34: 2 | R34: 3
A35: Q10 | B35: 4 | C35: 4 | D35: 3 | E35: 4 | F35: 4 | H35: 3 | I35: 4 | J35: 4 | K35: 3 | L35: 4 | N35: 4 | O35: 4 | P35: 4 | Q35: 3 | R35: 4
A36: Q11 | B36: 3 | C36: 5 | D36: 3 | E36: 3 | F36: 4 | H36: 4 | I36: 4 | J36: 4 | K36: 2 | L36: 4 | N36: 4 | O36: 4 | P36: 4 | Q36: 3 | R36: 3
A37: Q12 | B37: 3 | C37: 5 | D37: 3 | E37: 3 | F37: 3 | H37: 3 | I37: 4 | J37: 3 | K37: 2 | L37: 3 | N37: 4 | O37: 4 | P37: 3 | Q37: 3 | R37: 4
... A42: Q17 | B42: 4 | C42: 5 | D42: 4 | E42: 3 | F42: 4 | H42: 3 | I42: 4 | J42: 4 | K42: 3 | L42: 4 | N42: 5 | O42: 5 | P42: 4 | Q42: 4 | R42: 4
A43: Average | B43: =SUM(B26:B42)/17 -> 2.8823529 | C43: =SUM(C26:C42)/17 -> 3.9411765 | D43: =SUM(D26:D42)/17 -> 2.6470588 | E43: =SUM(E26:E42)/17 -> 2.6470588 | F43: =SUM(F26:F42)/17 -> 3.3529412 | H43: =SUM(H26:H42)/17 -> 2.6470588 | I43: =SUM(I26:I42)/17 -> 3.1176471 | J43: =SUM(J26:J42)/17 -> 3.1764706 | K43: =SUM(K26:K42)/17 -> 1.8235294 | L43: =SUM(L26:L42)/17 -> 3.0588235 | N43: =SUM(N26:N42)/17 -> 3.7058824 | O43: =SUM(O26:O42)/17 -> 3.4705882 | P43: =SUM(P26:P42)/17 -> 3.1176471 | Q43: =SUM(Q26:Q42)/17 -> 2.8235294 | R43: =SUM(R26:R42)/17 -> 3.4117647
A44: All_Average | B44: =(B43+H43+N43)/3 -> 3.0784314 | C44: =(C43+I43+O43)/3 -> 3.5098039 | D44: =(D43+J43+P43)/3 -> 2.9803922 | E44: =(E43+K43+Q43)/3 -> 2.4313725 | F44: =(F43+L43+R43)/3 -> 3.2745098

Sheet Sea Level
A1: AI | B1: Expert 1 | H1: Expert 2 | N1: Expert 3
B2: Accuracy | C2: Relevance | D2: Specificity | E2: Completeness | F2: Clarity | H2: Accuracy | I2: Relevance | J2: Specificity | K2: Completeness | L2: Clarity | N2: Accuracy | O2: Relevance | P2: Specificity | Q2: Completeness | R2: Clarity
A3: Q1 | B3: 4 | C3: 4 | D3: 3 | E3: 4 | F3: 3 | H3: 4 | I3: 4 | J3: 4 | K3: 4 | L3: 4 | N3: 5 | O3: 4 | P3: 3 | Q3: 2 | R3: 4
A4: Q2 | B4: 4 | C4: 4 | D4: 4 | E4: 4 | F4: 3 | H4: 4 | I4: 4 | J4: 5 | K4: 5 | L4: 4 | N4: 3 | O4: 3 | P4: 3 | Q4: 3 | R4: 3
A5: Q3 | B5: 4 | C5: 4 | D5: 4 | E5: 4 | F5: 4 | H5: 4 | I5: 4 | J5: 4 | K5: 5 | L5: 4 | N5: 5 | O5: 4 | P5: 4 | Q5: 5 | R5: 4
A6: Q4 | B6: 4 | C6: 5 | D6: 4 | E6: 4 | F6: 4 | H6: 4 | I6: 5 | J6: 5 | K6: 5 | L6: 4 | N6: 5 | O6: 4 | P6: 5 | Q6: 5 | R6: 5
A7: Q5 | B7: 4 | C7: 5 | D7: 4 | E7: 4 | F7: 4 | H7: 4 | I7: 4 | J7: 4 | K7: 5 | L7: 4 | N7: 4 | O7: 4 | P7: 4 | Q7: 4 | R7: 4
A8: Q6 | B8: 3 | C8: 4 | D8: 4 | E8: 3 | F8: 4 | H8: 4 | I8: 4 | J8: 4 | K8: 4 | L8: 4 | N8: 4 | O8: 5 | P8: 4 | Q8: 5 | R8: 4
A9: Q7 | B9: 4 | C9: 4 | D9: 4 | E9: 3 | F9: 4 | H9: 2 | I9: 2 | J9: 3 | K9: 2 | L9: 4 | N9: 4 | O9: 5 | P9: 3 | Q9: 3 | R9: 4
A10: Q8 | B10: 3 | C10: 4 | D10: 4 | E10: 4 | F10: 4 | H10: 3 | I10: 2 | J10: 2 | K10: 2 | L10: 2 | N10: 4 | O10: 4 | P10: 4 | Q10: 4 | R10: 4
A11: Q9 | B11: 3 | C11: 4 | D11: 3 | E11: 3 | F11: 3 | H11: 2 | I11: 3 | J11: 3 | K11: 2 | L11: 2 | N11: 4 | O11: 4 | P11: 4 | Q11: 4 | R11: 4
A12: Q10 | B12: 3 | C12: 3 | D12: 4 | E12: 2 | F12: 3 | H12: 3 | I12: 2 | J12: 2 | K12: 3 | L12: 2 | N12: 4 | O12: 4 | P12: 4 | Q12: 4 | R12: 4
A13: Q11 | B13: 4 | C13: 4 | D13: 4 | E13: 4 | F13: 4 | H13: 3 | I13: 3 | J13: 3 | K13: 3 | L13: 2 | N13: 4 | O13: 3 | P13: 4 | Q13: 3 | R13: 3
A14: Q12 | B14: 3 | C14: 4 | D14: 4 | E14: 3 | F14: 3 | H14: 3 | I14: 3 | J14: 3 | K14: 3 | L14: 2 | N14: 4 | O14: 4 | P14: 4 | Q14: 4 | R14: 4
A15: Q13 | B15: 4 | C15: 4 | D15: 4 | E15: 3 | F15: 4 | H15: 3 | I15: 2 | J15: 2 | K15: 3 | L15: 2 | N15: 4 | O15: 3 | P15: 4 | Q15: 3 | R15: 3
A16: Average | B16: =SUM(B3:B15)/13 -> 3.6153846 | C16: =SUM(C3:C15)/13 -> 4.0769231 | D16: =SUM(D3:D15)/13 -> 3.8461538 | E16: =SUM(E3:E15)/13 -> 3.4615385 | F16: =SUM(F3:F15)/13 -> 3.6153846 | H16: =SUM(H3:H15)/13 -> 3.3076923 | I16: =SUM(I3:I15)/13 -> 3.2307692 | J16: =SUM(J3:J15)/13 -> 3.3846154 | K16: =SUM(K3:K15)/13 -> 3.5384615 | L16: =SUM(L3:L15)/13 -> 3.0769231 | N16: =SUM(N3:N15)/13 -> 4.1538462 | O16: =SUM(O3:O15)/13 -> 3.9230769 | P16: =SUM(P3:P15)/13 -> 3.8461538 | Q16: =SUM(Q3:Q15)/13 -> 3.7692308 | R16: =SUM(R3:R15)/13 -> 3.8461538
A17: All_Average | B17: =(B16+H16+N16)/3 -> 3.6923077 | C17: =(C16+I16+O16)/3 -> 3.7435897 | D17: =(D16+J16+P16)/3 -> 3.6923077 | E17: =(E16+K16+Q16)/3 -> 3.5897436 | F17: =(F16+L16+R16)/3 -> 3.5128205
A20: Human | B20: Expert 1 | H20: Expert 2 | N20: Expert 3
B21: Accuracy | C21: Relevance | D21: Specificity | E21: Completeness | F21: Clarity | H21: Accuracy | I21: Relevance | J21: Specificity | K21: Completeness | L21: Clarity | N21: Accuracy | O21: Relevance | P21: Specificity | Q21: Completeness | R21: Clarity
A22: Q1 | B22: 2 | C22: 4 | D22: 2 | E22: 1 | F22: 2 | H22: 2 | I22: 2 | J22: 2 | K22: 2 | L22: 4 | N22: 4 | O22: 3 | P22: 1 | Q22: 1 | R22: 4
A23: Q2 | B23: 2 | C23: 2 | D23: 1 | E23: 1 | F23: 2 | H23: 3 | I23: 3 | J23: 2 | K23: 2 | L23: 4 | N23: 5 | O23: 4 | P23: 2 | Q23: 1 | R23: 3
A24: Q3 | B24: 3 | C24: 3 | D24: 3 | E24: 1 | F24: 3 | H24: 4 | I24: 4 | J24: 3 | K24: 3 | L24: 4 | N24: 5 | O24: 5 | P24: 3 | Q24: 3 | R24: 5
A25: Q4 | B25: 4 | C25: 5 | D25: 4 | E25: 3 | F25: 4 | H25: 4 | I25: 4 | J25: 3 | K25: 2 | L25: 4 | N25: 5 | O25: 5 | P25: 4 | Q25: 5 | R25: 5
A26: Q5 | B26: 4 | C26: 5 | D26: 4 | E26: 3 | F26: 3 | H26: 3 | I26: 4 | J26: 3 | K26: 3 | L26: 4 | N26: 5 | O26: 5 | P26: 3 | Q26: 4 | R26: 3
A27: Q6 | B27: 1 | C27: 4 | D27: 3 | E27: 2 | F27: 4 | H27: 4 | I27: 4 | J27: 4 | K27: 3 | L27: 4 | N27: 5 | O27: 5 | P27: 4 | Q27: 4 | R27: 5
A28: Q7 | B28: 2 | C28: 4 | D28: 2 | E28: 2 | F28: 3 | H28: 4 | I28: 4 | J28: 4 | K28: 4 | L28: 4 | N28: 4 | O28: 5 | P28: 3 | Q28: 3 | R28: 5
A29: Q8 | B29: 4 | C29: 4 | D29: 4 | E29: 1 | F29: 4 | H29: 4 | I29: 4 | J29: 4 | K29: 3 | L29: 4 | N29: 5 | O29: 4 | P29: 3 | Q29: 3 | R29: 3
A30: Q9 | B30: 1 | C30: 1 | D30: 1 | E30: 1 | F30: 1 | H30: 2 | I30: 2 | J30: 1 | K30: 1 | L30: 1 | N30: 1 | O30: 1 | P30: 1 | Q30: 1 | R30: 1
A31: Q10 | B31: 3 | C31: 3 | D31: 4 | E31: 1 | F31: 4 | H31: 4 | I31: 4 | J31: 4 | K31: 3 | L31: 4 | N31: 4 | O31: 4 | P31: 3 | Q31: 3 | R31: 4
A32: Q11 | B32: 3 | C32: 4 | D32: 2 | E32: 2 | F32: 4 | H32: 4 | I32: 4 | J32: 4 | K32: 3 | L32: 4 | N32: 5 | O32: 5 | P32: 3 | Q32: 3 | R32: 4
A33: Q12 | B33: 1 | C33: 3 | D33: 2 | E33: 2 | F33: 3 | H33: 4 | I33: 4 | J33: 4 | K33: 4 | L33: 4 | N33: 4 | O33: 4 | P33: 3 | Q33: 4 | R33: 5
A34: Q13 | B34: 2 | C34: 3 | D34: 2 | E34: 1 | F34: 3 | H34: 4 | I34: 4 | J34: 3 | K34: 3 | L34: 4 | N34: 4 | O34: 4 | P34: 3 | Q34: 3 | R34: 5
A35: Average | B35: =SUM(B22:B34)/13 -> 2.4615385 | C35: =SUM(C22:C34)/13 -> 3.4615385 | D35: =SUM(D22:D34)/13 -> 2.6153846 | E35: =SUM(E22:E34)/13 -> 1.6153846 | F35: =SUM(F22:F34)/13 -> 3.0769231 | H35: =SUM(H22:H34)/13 -> 3.5384615 | I35: =SUM(I22:I34)/13 -> 3.6153846 | J35: =SUM(J22:J34)/13 -> 3.1538462 | K35: =SUM(K22:K34)/13 -> 2.7692308 | L35: =SUM(L22:L34)/13 -> 3.7692308 | N35: =SUM(N22:N34)/13 -> 4.3076923 | O35: =SUM(O22:O34)/13 -> 4.1538462 | P35: =SUM(P22:P34)/13 -> 2.7692308 | Q35: =SUM(Q22:Q34)/13 -> 2.9230769 | R35: =SUM(R22:R34)/13 -> 4
A36: All_Average | B36: =(B35+H35+N35)/3 -> 3.4358974 | C36: =(C35+I35+O35)/3 -> 3.7435897 | D36: =(D35+J35+P35)/3 -> 2.8461538 | E36: =(E35+K35+Q35)/3 -> 2.4358974 | F36: =(F35+L35+R35)/3 -> 3.6153846

Sheet Agriculture
A1: AI | B1: Expert 1 | H1: Expert 2 | N1: Expert 3
B2: Accuracy | C2: Relevance | D2: Specificity | E2: Completeness | F2: Clarity | H2: Accuracy | I2: Relevance | J2: Specificity | K2: Completeness | L2: Clarity | N2: Accuracy | O2: Relevance | P2: Specificity | Q2: Completeness | R2: Clarity
A3: Q1 | B3: 3 | C3: 2 | D3: 5 | E3: 2 | F3: 4 | H3: 5 | I3: 4 | J3: 4 | K3: 4 | L3: 4 | N3: 5 | O3: 5 | P3: 4 | Q3: 5 | R3: 4
A4: Q2 | B4: 4 | C4: 2 | D4: 4 | E4: 2 | F4: 3 | H4: 4 | I4: 4 | J4: 4 | K4: 3 | L4: 4 | N4: 5 | O4: 5 | P4: 5 | Q4: 5 | R4: 4
A5: Q3 | B5: 5 | C5: 5 | D5: 5 | E5: 4 | F5: 4 | H5: 4 | I5: 4 | J5: 4 | K5: 5 | L5: 4 | N5: 5 | O5: 5 | P5: 5 | Q5: 5 | R5: 4
A6: Q4 | B6: 4 | C6: 5 | D6: 4 | E6: 4 | F6: 5 | H6: 4 | I6: 5 | J6: 5 | K6: 4 | L6: 4 | N6: 5 | O6: 5 | P6: 4 | Q6: 5 | R6: 5
A7: Q5 | B7: 5 | C7: 4 | D7: 5 | E7: 4 | F7: 4 | H7: 4 | I7: 4 | J7: 4 | K7: 4 | L7: 4 | N7: 5 | O7: 5 | P7: 4 | Q7: 5 | R7: 5
A8: Q6 | B8: 5 | C8: 4 | D8: 5 | E8: 5 | F8: 5 | H8: 4 | I8: 4 | J8: 4 | K8: 4 | L8: 4 | N8: 5 | O8: 5 | P8: 5 | Q8: 5 | R8: 4
A9: Q7 | B9: 4 | C9: 4 | D9: 5 | E9: 3 | F9: 5 | H9: 4 | I9: 4 | J9: 4 | K9: 4 | L9: 4 | N9: 5 | O9: 5 | P9: 5 | Q9: 5 | R9: 4
A10: Q8 | B10: 5 | C10: 5 | D10: 5 | E10: 4 | F10: 5 | H10: 4 | I10: 4 | J10: 4 | K10: 4 | L10: 4 | N10: 5 | O10: 5 | P10: 5 | Q10: 5 | R10: 4
A11: Q9 | B11: 4 | C11: 5 | D11: 5 | E11: 5 | F11: 5 | H11: 4 | I11: 4 | J11: 4 | K11: 4 | L11: 4 | N11: 5 | O11: 5 | P11: 4 | Q11: 5 | R11: 5
A12: Q10 | B12: 5 | C12: 5 | D12: 3 | E12: 4 | F12: 4 | H12: 4 | I12: 4 | J12: 4 | K12: 4 | L12: 4 | N12: 5 | O12: 5 | P12: 5 | Q12: 5 | R12: 4
A13: Q11 | B13: 5 | C13: 5 | D13: 5 | E13: 5 | F13: 5 | H13: 4 | I13: 4 | J13: 4 | K13: 4 | L13: 4 | N13: 5 | O13: 5 | P13: 5 | Q13: 5 | R13: 4
A14: Q12 | B14: 5 | C14: 4 | D14: 5 | E14: 3 | F14: 4 | H14: 3 | I14: 4 | J14: 4 | K14: 3 | L14: 4 | N14: 5 | O14: 5 | P14: 5 | Q14: 5 | R14: 4
... A22: Q20 | B22: 5 | C22: 5 | D22: 3 | E22: 4 | F22: 5 | H22: 4 | I22: 4 | J22: 4 | K22: 4 | L22: 4 | N22: 5 | O22: 5 | P22: 5 | Q22: 5 | R22: 4
A23: Average | B23: =SUM(B3:B22)/20 -> 4.55 | C23: =SUM(C3:C22)/20 -> 4.25 | D23: =SUM(D3:D22)/20 -> 4.45 | E23: =SUM(E3:E22)/20 -> 4.05 | F23: =SUM(F3:F22)/20 -> 4.55 | H23: =SUM(H3:H22)/20 -> 3.65 | I23: =SUM(I3:I22)/20 -> 3.9 | J23: =SUM(J3:J22)/20 -> 3.8 | K23: =SUM(K3:K22)/20 -> 3.75 | L23: =SUM(L3:L22)/20 -> 3.75 | N23: =SUM(N3:N22)/20 -> 5 | O23: =SUM(O3:O22)/20 -> 5 | P23: =SUM(P3:P22)/20 -> 4.75 | Q23: =SUM(Q3:Q22)/20 -> 4.95 | R23: =SUM(R3:R22)/20 -> 4.2
A24: All_Average | B24: =(B23+H23+N23)/3 -> 4.4 | C24: =(C23+I23+O23)/3 -> 4.3833333 | D24: =(D23+J23+P23)/3 -> 4.3333333 | E24: =(E23+K23+Q23)/3 -> 4.25 | F24: =(F23+L23+R23)/3 -> 4.1666667
A27: Human | B27: Expert 1 | H27: Expert 2 | N27: Expert 3
B28: Accuracy | C28: Relevance | D28: Specificity | E28: Completeness | F28: Clarity | H28: Accuracy | I28: Relevance | J28: Specificity | K28: Completeness | L28: Clarity | N28: Accuracy | O28: Relevance | P28: Specificity | Q28: Completeness | R28: Clarity
A29: Q1 | B29: 4 | C29: 4 | D29: 3 | E29: 2 | F29: 4 | H29: 4 | I29: 3 | J29: 3 | K29: 2 | L29: 4 | N29: 4 | O29: 4 | P29: 3 | Q29: 2 | R29: 5
A30: Q2 | B30: 4 | C30: 4 | D30: 4 | E30: 2 | F30: 3 | H30: 3 | I30: 3 | J30: 2 | K30: 1 | L30: 3 | N30: 4 | O30: 3 | P30: 2 | Q30: 1 | R30: 5
A31: Q3 | B31: 4 | C31: 5 | D31: 3 | E31: 4 | F31: 3 | H31: 3 | I31: 3 | J31: 3 | K31: 2 | L31: 3 | N31: 5 | O31: 4 | P31: 4 | Q31: 3 | R31: 5
A32: Q4 | B32: 4 | C32: 5 | D32: 3 | E32: 4 | F32: 2 | H32: 2 | I32: 4 | J32: 4 | K32: 4 | L32: 4 | N32: 4 | O32: 4 | P32: 5 | Q32: 3 | R32: 5
A33: Q5 | B33: 5 | C33: 5 | D33: 5 | E33: 4 | F33: 4 | H33: 4 | I33: 4 | J33: 4 | K33: 4 | L33: 4 | N33: 5 | O33: 5 | P33: 3 | Q33: 3 | R33: 5
A34: Q6 | B34: 3 | C34: 4 | D34: 4 | E34: 4 | F34: 3 | H34: 4 | I34: 4 | J34: 3 | K34: 2 | L34: 4 | N34: 3 | O34: 1 | P34: 3 | Q34: 1 | R34: 4
A35: Q7 | B35: 4 | C35: 4 | D35: 3 | E35: 3 | F35: 2 | H35: 2 | I35: 3 | J35: 2 | K35: 2 | L35: 4 | N35: 3 | O35: 4 | P35: 2 | Q35: 2 | R35: 5
A36: Q8 | B36: 4 | C36: 5 | D36: 3 | E36: 3 | F36: 4 | H36: 3 | I36: 3 | J36: 3 | K36: 2 | L36: 2 | N36: 4 | O36: 4 | P36: 1 | Q36: 1 | R36: 5
A37: Q9 | B37: 2 | C37: 3 | D37: 5 | E37: 3 | F37: 2 | H37: 2 | I37: 2 | J37: 2 | K37: 2 | L37: 2 | N37: 4 | O37: 3 | P37: 5 | Q37: 3 | R37: 4
A38: Q10 | B38: 3 | C38: 3 | D38: 1 | E38: 2 | F38: 1 | H38: 2 | I38: 2 | J38: 2 | K38: 2 | L38: 2 | N38: 4 | O38: 4 | P38: 1 | Q38: 1 | R38: 5
A39: Q11 | B39: 5 | C39: 5 | D39: 4 | E39: 5 | F39: 5 | H39: 3 | I39: 3 | J39: 3 | K39: 2 | L39: 2 | N39: 5 | O39: 5 | P39: 5 | Q39: 4 | R39: 5
A40: Q12 | B40: 5 | C40: 4 | D40: 4 | E40: 3 | F40: 4 | H40: 1 | I40: 3 | J40: 3 | K40: 1 | L40: 3 | N40: 2 | O40: 3 | P40: 2 | Q40: 1 | R40: 4
... A48: Q20 | B48: 5 | C48: 4 | D48: 3 | E48: 4 | F48: 5 | H48: 3 | I48: 3 | J48: 3 | K48: 3 | L48: 3 | N48: 5 | O48: 4 | P48: 4 | Q48: 4 | R48: 5
A49: Average | B49: =SUM(B29:B48)/20 -> 3.9 | C49: =SUM(C29:C48)/20 -> 4 | D49: =SUM(D29:D48)/20 -> 3.35 | E49: =SUM(E29:E48)/20 -> 3.1 | F49: =SUM(F29:F48)/20 -> 3.3 | H49: =SUM(H29:H48)/20 -> 2.45 | I49: =SUM(I29:I48)/20 -> 2.75 | J49: =SUM(J29:J48)/20 -> 2.7 | K49: =SUM(K29:K48)/20 -> 2.2 | L49: =SUM(L29:L48)/20 -> 2.7 | N49: =SUM(N29:N48)/20 -> 4.1 | O49: =SUM(O29:O48)/20 -> 3.7 | P49: =SUM(P29:P48)/20 -> 3.4 | Q49: =SUM(Q29:Q48)/20 -> 2.3 | R49: =SUM(R29:R48)/20 -> 4.75
A50: All_Average | B50: =(B49+H49+N49)/3 -> 3.4833333 | C50: =(C49+I49+O49)/3 -> 3.4833333 | D50: =(D49+J49+P49)/3 -> 3.15 | E50: =(E49+K49+Q49)/3 -> 2.5333333 | F50: =(F49+L49+R49)/3 -> 3.5833333
